address,amount
0xdD870fA1b7C4700F2BD7f44238821C26f7392148,15
0x4B0897b0513fdC7C541B6d9D7E929C4e5364D2dB,25
0xCA35b7d915458EF540aDe6068dFe2F44E8fa733c,35
0x03C6FcED478cBbC9a4FAB34eF9f40767739D1Ff7,45
0x17F6AD8Ef982297579C203069C1DbfFE4348c372,55
0x617F2E2fD72FD9D5503197092aC168c91465E7f2,65
0x4B20993Bc481177ec7E8f571ceCaE8A9e22C02db,75
0x617F2E2fD72FD9D5503197092aC168c91465E7f2,85
0x4B20993Bc481177ec7E8f571ceCaE8A9e22C02db,95
0xAb8483F64d9C6d1EcF9b849Ae677dD3315835cb2,10
0xCA35b7d915458EF540aDe6068dFe2F44E8fa733c,10
0x78731D3Ca6b7E34aC0F824c42a7cC18A495cabaB,20